county_fips,county,population_2025,births_2025,anesthesiologists,anesthesiologist_assistants,crnas,pediatric_anesthesiologists,total_providers,physician_anesthesiologists,providers_per_100k,physicians_per_100k,also_serves_providers,hospitals,surgical_hospitals,cms_ob_hospitals,critical_access_hospitals,rural_emergency_hospitals,dch_ob_county,has_ob_services,no_providers,surgery_but_no_providers,ob_but_no_physician
13001,Appling,19100,206,0,1,1,0,2,0,10.5,0.0,1,1,1,0,0,0,False,False,False,False,False
13003,Atkinson,8454,145,0,0,0,0,0,0,0.0,0.0,0,0,0,0,0,0,False,False,True,False,False
13005,Bacon,11070,154,0,0,0,0,0,0,0.0,0.0,1,1,1,1,1,0,True,True,True,True,True
13007,Baker,2725,25,0,0,0,0,0,0,0.0,0.0,0,0,0,0,0,0,False,False,True,False,False
13009,Baldwin,44029,385,4,0,8,0,12,4,27.3,9.1,3,1,1,1,0,0,True,True,False,False,False
13011,Banks,21273,267,0,0,1,0,1,0,4.7,0.0,0,0,0,0,0,0,False,False,False,False,False
13013,Barrow,99773,1328,3,1,2,0,6,3,6.0,3.0,1,1,1,1,0,0,False,False,False,False,False
13015,Bartow,120800,1392,6,0,17,0,23,6,19.0,5.0,5,1,1,1,0,0,True,True,False,False,False
13017,Ben Hill,17099,211,0,0,0,0,0,0,0.0,0.0,0,1,1,1,1,0,False,False,True,True,False
13019,Berrien,18932,239,0,0,1,0,1,0,5.3,0.0,0,1,0,0,0,0,False,False,False,False,False
13021,Bibb,157556,1952,46,48,109,0,203,46,128.8,29.2,17,3,3,2,0,0,True,True,False,False,False
13023,Bleckley,12866,150,0,0,0,0,0,0,0.0,0.0,0,1,0,0,1,0,False,False,True,False,False
13025,Brantley,18936,184,0,0,0,0,0,0,0.0,0.0,0,0,0,0,0,0,False,False,True,False,False
13027,Brooks,16101,153,0,0,0,0,0,0,0.0,0.0,0,1,0,0,1,0,False,False,True,False,False
13029,Bryan,52062,616,0,0,1,0,1,0,1.9,0.0,0,0,0,0,0,0,False,False,False,False,False
13031,Bulloch,86949,892,2,0,15,0,17,2,19.6,2.3,1,1,1,1,0,0,True,True,False,False,False
13033,Burke,24408,237,1,0,2,0,3,1,12.3,4.1,0,1,1,0,0,0,False,False,False,False,False
13035,Butts,27218,277,0,0,0,0,0,0,0.0,0.0,0,1,0,0,1,0,False,False,True,False,False
13037,Calhoun,5413,56,0,0,0,0,0,0,0.0,0.0,0,0,0,0,0,0,False,False,True,False,False
13039,Camden,60143,765,1,5,5,0,11,1,18.3,1.7,1,1,1,1,0,0,True,True,False,False,False
13043,Candler,11275,125,0,0,0,0,0,0,0.0,0.0,0,1,1,0,1,0,False,False,True,True,False
13045,Carroll,131036,1621,13,0,43,0,56,13,42.7,9.9,1,2,2,2,0,0,True,True,False,False,False
13047,Catoosa,69628,515,1,0,0,0,1,1,1.4,1.4,0,1,0,0,0,0,False,False,False,False,False
13049,Charlton,13121,132,0,0,0,0,0,0,0.0,0.0,0,0,0,0,0,0,False,False,True,False,False
13051,Chatham,311855,3563,66,125,93,0,284,66,91.1,21.2,15,3,2,2,0,0,True,True,False,False,False
13053,Chattahoochee,8465,159,3,0,21,0,24,3,283.5,35.4,0,0,0,0,0,0,False,False,False,False,False
13055,Chattooga,25300,241,0,0,1,0,1,0,4.0,0.0,0,0,0,0,0,0,False,False,False,False,False
13057,Cherokee,299273,3112,4,3,18,0,25,4,8.4,1.3,4,1,1,1,0,0,True,True,False,False,False
13059,Clarke,129921,1383,29,18,68,0,115,29,88.5,22.3,3,2,2,2,0,0,True,True,False,False,False
13061,Clay,2815,25,0,0,0,0,0,0,0.0,0.0,0,0,0,0,0,0,False,False,True,False,False
13063,Clayton,297471,3328,16,17,11,0,44,16,14.8,5.4,8,1,1,1,0,0,True,True,False,False,False
13065,Clinch,6847,92,0,0,0,0,0,0,0.0,0.0,0,1,0,0,1,0,False,False,True,False,False
13067,Cobb,793345,8750,108,138,103,1,350,109,44.1,13.7,56,2,2,2,0,0,True,True,False,False,False
13069,Coffee,44407,558,2,0,5,0,7,2,15.8,4.5,0,1,1,1,0,0,True,True,False,False,False
13071,Colquitt,47438,616,1,0,8,0,9,1,19.0,2.1,1,2,1,1,0,0,True,True,False,False,False
13073,Columbia,169189,1664,11,2,31,0,44,11,26.0,6.5,2,0,0,0,0,0,False,False,False,False,False
13075,Cook,18232,233,0,0,0,0,0,0,0.0,0.0,7,1,1,0,0,0,False,False,True,True,False
13077,Coweta,160240,1692,17,6,82,0,105,17,65.5,10.6,61,2,2,1,0,0,True,True,False,False,False
13079,Crawford,12206,81,0,0,0,0,0,0,0.0,0.0,0,0,0,0,0,0,False,False,True,False,False
13081,Crisp,19237,234,3,0,6,0,9,3,46.8,15.6,3,1,1,1,0,0,True,True,False,False,False
13083,Dade,16154,135,0,0,0,0,0,0,0.0,0.0,0,0,0,0,0,0,False,False,True,False,False
13085,Dawson,35365,416,0,0,2,0,2,0,5.7,0.0,0,0,0,0,0,0,False,False,False,False,False
13087,Decatur,29432,329,1,0,1,0,2,1,6.8,3.4,1,1,1,1,0,0,True,True,False,False,False
13089,DeKalb,774394,9600,210,197,94,13,514,223,66.4,28.8,41,3,3,2,0,0,True,True,False,False,False
13091,Dodge,19663,207,0,0,1,0,1,0,5.1,0.0,1,1,1,1,0,0,False,False,False,False,False
13093,Dooly,11156,105,0,0,0,0,0,0,0.0,0.0,0,0,0,0,0,0,False,False,True,False,False
13095,Dougherty,82616,1096,11,17,28,0,56,11,67.8,13.3,2,1,1,1,0,0,True,True,False,False,False
13097,Douglas,154293,1724,4,5,3,0,12,4,7.8,2.6,129,1,1,1,0,0,True,True,False,False,False
13099,Early,10455,148,0,0,0,0,0,0,0.0,0.0,0,1,0,0,1,0,False,False,True,False,False
13101,Echols,3685,47,0,0,0,0,0,0,0.0,0.0,0,0,0,0,0,0,False,False,True,False,False
13103,Effingham,74397,816,0,2,0,0,2,0,2.7,0.0,3,1,1,0,1,0,False,False,False,False,False
13105,Elbert,20072,202,0,0,0,0,0,0,0.0,0.0,0,1,1,0,1,0,False,False,True,True,False
13107,Emanuel,23147,293,0,0,1,0,1,0,4.3,0.0,1,1,1,1,0,0,False,False,False,False,False
13109,Evans,11028,153,0,0,1,0,1,0,9.1,0.0,4,1,1,0,0,0,False,False,False,False,False
13111,Fannin,26111,192,0,0,5,0,5,0,19.1,0.0,0,1,1,0,1,0,False,False,False,False,False
13113,Fayette,125156,911,7,20,10,0,37,7,29.6,5.6,55,1,1,1,0,0,True,True,False,False,False
13115,Floyd,101378,1124,16,24,41,0,81,16,79.9,15.8,5,2,2,1,0,0,True,True,False,False,False
13117,Forsyth,282805,2382,2,7,11,0,20,2,7.1,0.7,1,1,1,0,0,0,True,True,False,False,False
13119,Franklin,25948,367,0,0,1,0,1,0,3.9,0.0,0,1,1,1,0,0,True,True,False,False,True
13121,Fulton,1098791,12501,333,626,353,9,1321,342,120.2,31.1,91,7,7,4,0,0,True,True,False,False,False
13123,Gilmer,33894,348,0,0,1,0,1,0,3.0,0.0,0,0,0,0,0,0,False,False,False,False,False
13125,Glascock,3141,45,0,0,0,0,0,0,0.0,0.0,0,0,0,0,0,0,False,False,True,False,False
13127,Glynn,87599,896,6,10,18,0,34,6,38.8,6.8,2,1,1,1,0,0,True,True,False,False,False
13129,Gordon,61701,670,8,0,10,0,18,8,29.2,13.0,1,1,1,1,0,0,True,True,False,False,False
13131,Grady,26590,321,0,0,2,0,2,0,7.5,0.0,0,1,0,0,0,0,True,True,False,False,True
13133,Greene,21367,157,1,0,1,0,2,1,9.4,4.7,0,1,1,0,1,0,False,False,False,False,False
13135,Gwinnett,1018099,11246,83,101,134,2,320,85,31.4,8.3,35,3,3,3,0,0,True,True,False,False,False
13137,Habersham,50416,524,1,0,11,0,12,1,23.8,2.0,0,1,1,1,0,0,True,True,False,False,False
13139,Hall,226568,2836,56,94,46,0,196,56,86.5,24.7,6,1,1,1,0,0,True,True,False,False,False
13141,Hancock,8682,46,0,0,0,0,0,0,0.0,0.0,0,0,0,0,0,0,False,False,True,False,False
13143,Haralson,33066,376,0,0,2,0,2,0,6.0,0.0,0,1,1,0,1,0,False,False,False,False,False
13145,Harris,37280,286,0,0,0,0,0,0,0.0,0.0,0,0,0,0,0,0,False,False,True,False,False
13147,Hart,28639,253,0,0,3,0,3,0,10.5,0.0,0,0,0,0,0,0,False,False,False,False,False
13149,Heard,12149,120,0,0,0,0,0,0,0.0,0.0,0,0,0,0,0,0,False,False,True,False,False
13151,Henry,264922,2781,22,29,27,0,78,22,29.4,8.3,17,1,1,1,0,0,True,True,False,False,False
13153,Houston,178214,2038,5,0,23,0,28,5,15.7,2.8,0,2,2,1,0,0,True,True,False,False,False
13155,Irwin,9020,85,0,0,2,0,2,0,22.2,0.0,0,1,0,0,0,1,False,False,False,False,False
13157,Jackson,99265,1134,0,0,3,0,3,0,3.0,0.0,0,0,0,0,0,0,False,False,False,False,False
13159,Jasper,17632,188,0,0,0,0,0,0,0.0,0.0,0,1,0,0,1,0,False,False,True,False,False
13161,Jeff Davis,15219,174,0,0,1,0,1,0,6.6,0.0,0,1,1,0,1,0,False,False,False,False,False
13163,Jefferson,15011,173,0,0,1,0,1,0,6.7,0.0,1,1,1,0,0,0,False,False,False,False,False
13165,Jenkins,8843,90,0,0,0,0,0,0,0.0,0.0,1,1,0,0,1,0,False,False,True,False,False
13167,Johnson,9310,100,0,0,0,0,0,0,0.0,0.0,0,0,0,0,0,0,False,False,True,False,False
13169,Jones,29171,271,0,0,0,0,0,0,0.0,0.0,1,0,0,0,0,0,False,False,True,False,False
13171,Lamar,20941,255,0,0,0,0,0,0,0.0,0.0,0,0,0,0,0,0,False,False,True,False,False
13173,Lanier,10623,112,0,0,0,0,0,0,0.0,0.0,0,1,0,0,1,0,False,False,True,False,False
13175,Laurens,51041,645,2,0,17,0,19,2,37.2,3.9,2,1,1,1,0,0,True,True,False,False,False
13177,Lee,34179,331,0,0,2,0,2,0,5.9,0.0,0,0,0,0,0,0,False,False,False,False,False
13179,Liberty,70313,1359,5,0,24,0,29,5,41.2,7.1,3,1,1,1,1,0,True,True,False,False,False
13181,Lincoln,8112,78,0,0,0,0,0,0,0.0,0.0,0,0,0,0,0,0,False,False,True,False,False
13183,Long,21557,304,0,0,0,0,0,0,0.0,0.0,0,0,0,0,0,0,False,False,True,False,False
13185,Lowndes,122867,1569,18,11,20,0,49,18,39.9,14.6,2,1,1,1,0,0,True,True,False,False,False
13187,Lumpkin,36178,300,2,0,2,0,4,2,11.1,5.5,0,2,1,1,0,0,False,False,False,False,False
13189,McDuffie,21640,233,1,0,2,0,3,1,13.9,4.6,1,1,1,0,0,0,False,False,False,False,False
13191,McIntosh,11989,116,0,0,0,0,0,0,0.0,0.0,0,0,0,0,0,0,False,False,True,False,False
13193,Macon,11756,119,0,0,0,0,0,0,0.0,0.0,0,1,0,0,0,0,False,False,True,False,False
13195,Madison,32919,413,0,0,0,0,0,0,0.0,0.0,0,0,0,0,0,0,False,False,True,False,False
13197,Marion,7676,79,0,0,1,0,1,0,13.0,0.0,0,0,0,0,0,0,False,False,False,False,False
13199,Meriwether,21516,212,0,0,3,0,3,0,13.9,0.0,1,1,1,1,1,0,False,False,False,False,False
13201,Miller,5812,60,0,0,4,0,4,0,68.8,0.0,0,1,1,0,1,0,False,False,False,False,False
13205,Mitchell,20467,228,0,0,1,0,1,0,4.9,0.0,1,1,0,0,1,0,False,False,False,False,False
13207,Monroe,32023,277,0,0,4,0,4,0,12.5,0.0,2,1,1,0,1,0,False,False,False,False,False
13209,Montgomery,8635,99,0,0,0,0,0,0,0.0,0.0,0,0,0,0,0,0,False,False,True,False,False
13211,Morgan,22095,223,3,0,2,0,5,3,22.6,13.6,0,1,1,0,1,0,False,False,False,False,False
13213,Murray,41607,460,0,0,0,0,0,0,0.0,0.0,0,1,1,0,0,0,False,False,True,True,False
13215,Muscogee,202171,2583,23,16,70,0,109,23,53.9,11.4,5,3,3,1,0,0,True,True,False,False,False
13217,Newton,125583,1411,7,1,8,0,16,7,12.7,5.6,1,1,1,1,0,0,True,True,False,False,False
13219,Oconee,44893,322,0,1,2,0,3,0,6.7,0.0,0,0,0,0,0,0,False,False,False,False,False
13221,Oglethorpe,16415,153,0,0,0,0,0,0,0.0,0.0,0,0,0,0,0,0,False,False,True,False,False
13223,Paulding,190996,1884,2,0,0,0,2,2,1.0,1.0,128,1,1,0,0,0,False,False,False,False,False
13225,Peach,29877,390,0,0,1,0,1,0,3.3,0.0,0,1,1,0,1,0,False,False,False,False,False
13227,Pickens,37167,325,2,0,5,0,7,2,18.8,5.4,0,1,1,1,0,0,True,True,False,False,False
13229,Pierce,20764,219,0,0,0,0,0,0,0.0,0.0,0,0,0,0,0,0,False,False,True,False,False
13231,Pike,20932,205,0,0,0,0,0,0,0.0,0.0,0,0,0,0,0,0,False,False,True,False,False
13233,Polk,45514,627,0,0,0,0,0,0,0.0,0.0,0,1,0,0,1,0,False,False,True,False,False
13235,Pulaski,10172,90,1,0,0,0,1,1,9.8,9.8,2,1,0,1,0,0,False,False,False,False,False
13237,Putnam,23722,215,0,0,0,0,0,0,0.0,0.0,0,1,1,0,1,0,False,False,True,True,False
13239,Quitman,2254,19,0,0,0,0,0,0,0.0,0.0,0,0,0,0,0,0,False,False,True,False,False
13241,Rabun,17764,121,0,0,0,0,0,0,0.0,0.0,0,1,1,0,1,0,False,False,True,True,False
13243,Randolph,6156,55,0,0,0,0,0,0,0.0,0.0,0,0,0,0,0,0,False,False,True,False,False
13245,Richmond,206559,2743,180,4,200,5,389,185,188.3,89.6,10,3,3,3,0,0,True,True,False,False,False
13247,Rockdale,98416,984,9,6,8,0,23,9,23.4,9.1,2,1,1,1,0,0,True,True,False,False,False
13249,Schley,4593,48,0,0,0,0,0,0,0.0,0.0,0,0,0,0,0,0,False,False,True,False,False
13251,Screven,14408,174,0,0,1,0,1,0,6.9,0.0,15,1,0,0,1,0,False,False,False,False,False
13253,Seminole,9162,105,0,0,3,0,3,0,32.7,0.0,0,1,1,1,0,0,False,False,False,False,False
13255,Spalding,70775,801,3,2,4,0,9,3,12.7,4.2,2,1,1,1,0,0,True,True,False,False,False
13257,Stephens,27854,314,1,0,1,0,2,1,7.2,3.6,0,1,1,1,0,0,False,False,False,False,False
13259,Stewart,4631,39,0,0,0,0,0,0,0.0,0.0,0,0,0,0,0,0,False,False,True,False,False
13261,Sumter,28801,360,0,0,3,0,3,0,10.4,0.0,1,1,1,1,0,0,True,True,False,False,True
13263,Talbot,5709,47,0,0,0,0,0,0,0.0,0.0,0,0,0,0,0,0,False,False,True,False,False
13265,Taliaferro,1662,12,0,0,0,0,0,0,0.0,0.0,0,0,0,0,0,0,False,False,True,False,False
13267,Tattnall,24376,279,0,10,8,0,18,0,73.8,0.0,42,1,1,0,1,0,False,False,False,False,False
13269,Taylor,7818,91,0,0,0,0,0,0,0.0,0.0,0,0,0,0,0,0,False,False,True,False,False
13271,Telfair,11195,131,0,0,0,0,0,0,0.0,0.0,0,0,0,0,0,0,False,False,True,False,False
13273,Terrell,8656,111,0,0,0,0,0,0,0.0,0.0,0,0,0,0,0,0,False,False,True,False,False
13275,Thomas,46368,608,8,5,12,0,25,8,53.9,17.3,0,1,1,1,0,0,True,True,False,False,False
13277,Tift,42254,627,13,4,30,0,47,13,111.2,30.8,4,1,1,0,0,0,True,True,False,False,False
13279,Toombs,27545,372,6,0,6,0,12,6,43.6,21.8,2,1,1,1,0,0,True,True,False,False,False
13281,Towns,13285,74,0,0,0,0,0,0,0.0,0.0,0,1,0,0,1,0,False,False,True,False,False
13283,Treutlen,6466,60,0,0,0,0,0,0,0.0,0.0,0,0,0,0,0,0,False,False,True,False,False
13285,Troup,72844,940,5,0,7,0,12,5,16.5,6.9,0,1,1,1,0,0,True,True,False,False,False
13287,Turner,8983,117,0,0,0,0,0,0,0.0,0.0,0,0,0,0,0,0,False,False,True,False,False
13289,Twiggs,7597,48,0,0,0,0,0,0,0.0,0.0,0,0,0,0,0,0,False,False,True,False,False
13291,Union,27859,164,1,0,10,0,11,1,39.5,3.6,0,1,1,1,0,0,True,True,False,False,False
13293,Upson,28500,336,2,0,0,0,2,2,7.0,7.0,0,1,1,1,0,0,True,True,False,False,False
13295,Walker,70250,577,1,0,2,0,3,1,4.3,1.4,0,0,0,0,0,0,False,False,False,False,False
13297,Walton,112696,1352,3,0,2,0,5,3,4.4,2.7,0,1,1,1,0,0,True,True,False,False,False
13299,Ware,36906,470,3,3,9,0,15,3,40.6,8.1,4,1,1,1,0,0,True,True,False,False,False
13301,Warren,5269,48,0,0,0,0,0,0,0.0,0.0,0,0,0,0,0,0,False,False,True,False,False
13303,Washington,19453,154,0,0,3,0,3,0,15.4,0.0,2,1,1,1,0,0,False,False,False,False,False
13305,Wayne,32481,374,3,0,3,0,6,3,18.5,9.2,0,1,1,1,0,0,True,True,False,False,False
13307,Webster,2369,32,0,0,0,0,0,0,0.0,0.0,0,0,0,0,0,0,False,False,True,False,False
13309,Wheeler,7570,67,0,0,0,0,0,0,0.0,0.0,0,0,0,0,0,0,False,False,True,False,False
13311,White,29802,277,0,0,0,0,0,0,0.0,0.0,0,0,0,0,0,0,False,False,True,False,False
13313,Whitfield,106212,1292,5,0,25,0,30,5,28.2,4.7,0,1,1,1,0,0,True,True,False,False,False
13315,Wilcox,8797,72,0,0,0,0,0,0,0.0,0.0,0,0,0,0,0,0,False,False,True,False,False
13317,Wilkes,9540,94,0,0,1,0,1,0,10.5,0.0,0,1,0,0,1,0,True,True,False,False,True
13319,Wilkinson,8650,108,0,0,0,0,0,0,0.0,0.0,0,0,0,0,0,0,False,False,True,False,False
13321,Worth,20059,189,0,0,0,0,0,0,0.0,0.0,0,1,1,1,1,0,False,False,True,True,False
