ccn,name,address,city,zip,county_fips,hospital_type,beds,urban_rural,performs_surgery,delivers_babies
110071,APPLING HEALTHCARE,163 E TOLLISON STREET,BAXLEY,31513,13001,Short-term general,49,R,True,False
111327,BACON COUNTY HOSPITAL,302 SOUTH WAYNE STREET,ALMA,31510,13005,Critical Access Hospital,25,R,True,True
110150,NAVICENT HEALTH BALDWIN,821 NORTH COBB STREET,MILLEDGEVILLE,31061,13009,Short-term general,140,R,True,True
110045,NORTHEAST GEORGIA MEDICAL CENTER BARROW,316 NORTH BROAD STREET,WINDER,30680,13013,Short-term general,56,U,True,True
110030,PIEDMONT CARTERSVILLE MEDICAL CENTER,960 JOE FRANK HARRIS PARKWAY,CARTERSVILLE,30120,13015,Short-term general,139,U,True,True
111339,DORMINY MEDICAL CENTER,"200 PERRY HOUSE ROAD, BOX 1447",FITZGERALD,31750,13017,Critical Access Hospital,25,R,True,True
110234,SGMC BERRIEN CAMPUS,1221 E MCPHERSON AVENUE,NASHVILLE,31639,13019,Short-term general,63,R,False,False
110107,ATRIUM HEALTH NAVICENT THE MEDICAL CENTER,777 HEMLOCK STREET,MACON,31201,13021,Short-term general,637,U,True,True
110164,PIEDMONT MACON MEDICAL CENTER,350 HOSPITAL DRIVE,MACON,31217,13021,Short-term general,310,U,True,True
110201,PIEDMONT MACON NORTH HOSPITAL,400 CHARTER BOULEVARD,MACON,31210,13021,Short-term general,103,U,True,False
111302,BLECKLEY MEMORIAL HOSPITAL,145 PEACOCK STREET,COCHRAN,31014,13023,Critical Access Hospital,25,R,False,False
111332,ARCHBOLD BROOKS,903 N COURT STREET,QUITMAN,31643,13027,Critical Access Hospital,25,U,False,False
110075,EAST GEORGIA REGIONAL MEDICAL CENTER,1499 FAIR ROAD,STATESBORO,30458,13031,Short-term general,150,R,True,True
110113,BURKE MEDICAL CENTER,351 SOUTH LIBERTY STREET,WAYNESBORO,30830,13033,Short-term general,40,U,True,False
111319,WELLSTAR SYLVAN GROVE MEDICAL CENTER,1050 MCDONOUGH ROAD,JACKSON,30233,13035,Critical Access Hospital,25,U,False,False
110146,SOUTHEAST GEORGIA HEALTH SYSTEM- CAMDEN CAMPUS,2000 DAN PROCTOR DRIVE,SAINT MARYS,31558,13039,Short-term general,40,R,True,True
111334,CANDLER COUNTY HOSPITAL,400 CEDAR STREET,METTER,30439,13043,Critical Access Hospital,25,R,True,False
110011,TANNER MEDICAL CENTER - CARROLLTON,705 DIXIE STREET,CARROLLTON,30117,13045,Short-term general,182,U,True,True
110015,TANNER MEDICAL CENTER VILLA RICA,601 DALLAS HIGHWAY,VILLA RICA,30180,13045,Short-term general,40,U,True,True
110236,COMMONSPIRIT-MEMORIAL HOSPITAL-NORTH GEORGIA,4710 BATTLEFIELD PARKWAY,RINGGOLD,30736,13047,Short-term general,179,U,False,False
110024,CANDLER HOSPITAL,5353 REYNOLDS STREET,SAVANNAH,31412,13051,Short-term general,320,U,True,True
110036,MEMORIAL HEALTH UNIVERSITY MEDICAL CENTER,4700 WATERS AVENUE,SAVANNAH,31404,13051,Short-term general,39,U,False,True
110043,ST JOSEPH'S HOSPITAL - SAVANNAH,11705 MERCY BOULEVARD,SAVANNAH,31419,13051,Short-term general,294,U,True,False
110008,NORTHSIDE HOSPITAL CHEROKEE,450 NORTHSIDE CHEROKEE BOULEVARD,CANTON,30115,13057,Short-term general,84,U,True,True
110074,PIEDMONT ATHENS REGIONAL MEDICAL CENTER,1199 PRINCE AVENUE,ATHENS,30606,13059,Short-term general,315,U,True,True
110006,ST MARY'S HOSPITAL,1230 BAXTER STREET,ATHENS,30606,13059,Short-term general,196,U,True,True
110165,SOUTHERN REGIONAL MEDICAL CENTER,"11 UPPER RIVERDALE ROAD, SW",RIVERDALE,30274,13063,Short-term general,376,U,True,True
111308,CLINCH MEMORIAL HOSPITAL,1050 VALDOSTA HIGHWAY,HOMERVILLE,31634,13065,Critical Access Hospital,25,R,False,False
110143,WELLSTAR COBB MEDICAL CENTER,3950 AUSTELL RD,AUSTELL,30106,13067,Short-term general,382,U,True,True
110035,WELLSTAR KENNESTONE REGIONAL MEDICAL CENTER,677 CHURCH STREET,MARIETTA,30060,13067,Short-term general,633,U,True,True
110089,"COFFEE REGIONAL MEDICAL CENTER, INC",1101 OCILLA ROAD,DOUGLAS,31533,13069,Short-term general,88,R,True,True
110105,COLQUITT REGIONAL MEDICAL CENTER,3131 SOUTH MAIN STREET,MOULTRIE,31768,13071,Short-term general,99,R,True,True
110209,TURNING POINT HOSPITAL,3015 VETERANS PARKWAY,MOULTRIE,31788,13071,Short-term general,69,R,False,False
110101,"SOUTHWELL MEDICAL, A CAMPUS OF TRMC",260 MJ TAYLOR ROAD,ADEL,31620,13075,Short-term general,60,R,True,False
110229,"PIEDMONT NEWNAN HOSPITAL, INC",745 POPLAR ROAD,NEWNAN,30265,13077,Short-term general,143,U,True,True
110233,"SOUTHEASTERN REGIONAL MEDICAL CENTER, INC",600 CELEBRATE LIFE PARKWAY NORTH,NEWNAN,30265,13077,Short-term general,25,U,True,False
110104,CRISP REGIONAL HOSPITAL,902 7TH STREET NORTH,CORDELE,31015,13081,Short-term general,73,R,True,True
110132,MEMORIAL HOSPITAL AND MANOR,1500 E SHOTWELL STREET,BAINBRIDGE,39819,13087,Short-term general,80,R,True,True
110076,EMORY DECATUR HOSPITAL,2701 N DECATUR ROAD,DECATUR,30033,13089,Short-term general,451,U,True,True
110226,EMORY HILLANDALE HOSPITAL,2801 DEKALB MEDICAL PARKWAY,LITHONIA,30058,13089,Short-term general,84,U,True,True
110010,EMORY UNIVERSITY HOSPITAL,"1364 CLIFTON ROAD, NE",ATLANTA,30322,13089,Short-term general,661,U,True,False
110092,DODGE COUNTY HOSPITAL,901 GRIFFIN AVE,EASTMAN,31023,13091,Short-term general,94,R,True,True
110007,PHOEBE PUTNEY MEMORIAL HOSPITAL,417 THIRD AVENUE,ALBANY,31703,13095,Short-term general,691,U,True,True
110184,WELLSTAR DOUGLAS MEDICAL CENTER,8954 HOSPITAL DRIVE,DOUGLASVILLE,30134,13097,Short-term general,20,U,True,True
111314,LIFEBRITE COMMUNITY HOSPITAL OF EARLY,11740 COLUMBIA STREET,BLAKELY,39823,13099,Critical Access Hospital,25,R,False,False
111306,EFFINGHAM HEALTH SYSTEM,459 GA HIGHWAY 119 SOUTH,SPRINGFIELD,31329,13103,Critical Access Hospital,25,U,True,False
111337,ELBERT MEMORIAL HOSPITAL,4 MEDICAL DRIVE,ELBERTON,30635,13105,Critical Access Hospital,25,R,True,False
110109,EMANUEL MEDICAL CENTER,117 KITE ROAD,SWAINSBORO,30401,13107,Short-term general,72,R,True,True
110142,EVANS MEMORIAL HOSPITAL,200 N RIVER STREET,CLAXTON,30417,13109,Short-term general,49,R,True,False
111338,BLUE RIDGE MEDICAL CENTER,2855 OLD HIGHWAY 5 NORTH,BLUE RIDGE,30513,13111,Critical Access Hospital,25,R,True,False
110215,PIEDMONT FAYETTE HOSPITAL,1255 HIGHWAY 54 WEST,FAYETTEVILLE,30214,13113,Short-term general,282,U,True,True
110168,ADVENTHEALTH REDMOND,501 REDMOND ROAD NW,ROME,30165,13115,Short-term general,201,U,True,False
110054,ATRIUM HEALTH FLOYD MEDICAL CENTER,304 TURNER MCCALL BOULEVARD,ROME,30162,13115,Short-term general,284,U,True,True
110005,NORTHSIDE HOSPITAL FORSYTH,1200 NORTHSIDE FORSYTH DRIVE,CUMMING,30041,13117,Short-term general,389,U,True,False
110027,"ST MARY'S SACRED HEART HOSPITAL, INC",367 CLEAR CREEK PARKWAY,LAVONIA,30553,13119,Short-term general,56,R,True,True
110230,EMORY JOHNS CREEK HOSPITAL,6325 HOSPITAL PARKWAY,JOHNS CREEK,30097,13121,Short-term general,110,U,True,True
110078,EMORY UNIVERSITY HOSPITAL MIDTOWN,"550 PEACHTREE STREET,  NE",ATLANTA,30308,13121,Short-term general,481,U,True,False
110079,GRADY MEMORIAL HOSPITAL,"80 JESSE HILL, JR DRIVE SE",ATLANTA,30303,13121,Short-term general,500,U,True,False
110161,NORTHSIDE HOSPITAL,"1000 JOHNSON FERRY ROAD, NE",ATLANTA,30342,13121,Short-term general,444,U,True,True
110083,"PIEDMONT HOSPITAL, INC",1968 PEACHTREE RD NW,ATLANTA,30309,13121,Short-term general,458,U,True,True
110082,"SAINT JOSEPH'S HOSPITAL OF ATLANTA, INC",5665 PEACHTREE DUNWOODY ROAD,ATLANTA,30342,13121,Short-term general,410,U,True,False
110198,WELLSTAR NORTH FULTON MEDICAL CENTER,3000 HOSPITAL BOULEVARD,ROSWELL,30076,13121,Short-term general,167,U,True,True
110025,SOUTHEAST GEORGIA HEALTH SYSTEM- BRUNSWICK CAMPUS,2415 PARKWOOD DRIVE,BRUNSWICK,31520,13127,Short-term general,300,U,True,True
110023,ADVENTHEALTH GORDON,1035 RED BUD ROAD,CALHOUN,30701,13129,Short-term general,69,R,True,True
110121,ARCHBOLD GRADY,"1155 5TH STREET, SE",CAIRO,39828,13131,Short-term general,60,R,False,False
111329,ST MARY'S GOOD SAMARITAN HOSPITAL,5401 LAKE OCONEE PARKWAY,GREENSBORO,30642,13133,Critical Access Hospital,25,R,True,False
110252,NORTHSIDE HOSPITAL DULUTH,3620 HOWELL FERRY ROAD,DULUTH,30096,13135,Short-term general,122,U,True,True
110087,NORTHSIDE HOSPITAL GWINNETT,1000 MEDICAL CENTER BOULEVARD,LAWRENCEVILLE,30046,13135,Short-term general,353,U,True,True
110192,PIEDMONT EASTSIDE MEDICAL CENTER,1700 MEDICAL WAY,SNELLVILLE,30078,13135,Short-term general,200,U,True,True
110041,NORTHEAST GEORGIA MEDICAL CENTER HABERSHAM,541 HISTORIC HIGHWAY 441-NORTH,DEMOREST,30535,13137,Short-term general,53,R,True,True
110029,"NORTHEAST GEORGIA MEDICAL CENTER, INC",743 SPRING STREET,GAINESVILLE,30501,13139,Short-term general,865,U,True,True
111320,HIGGINS GENERAL HOSPITAL,200 ALLEN MEMORIAL DRIVE,BREMEN,30110,13143,Critical Access Hospital,25,U,True,False
110191,PIEDMONT HENRY HOSPITAL,1133 EAGLE'S LANDING PARKWAY,STOCKBRIDGE,30281,13151,Short-term general,259,U,True,True
110069,EMORY HOUSTON HOSPITAL WARNER ROBINS,1601 WATSON BOULEVARD,WARNER ROBINS,31093,13153,Short-term general,186,U,True,True
110153,HOUSTON HEALTHCARE,1120 MORNINGSIDE DR,PERRY,31069,13153,Short-term general,39,U,True,False
110779,IRWIN COUNTY HOSPITAL,710 N IRWIN AVENUE,OCILLA,31774,13155,Rural Emergency Hospital,34,R,False,False
111303,JASPER MEMORIAL HOSPITAL,898 COLLEGE STREET,MONTICELLO,31064,13159,Critical Access Hospital,17,U,False,False
111333,JEFF DAVIS HOSPITAL,163 SOUTH TALLAHASSEE STREET,HAZLEHURST,31539,13161,Critical Access Hospital,25,R,True,False
110100,JEFFERSON HOSPITAL,1067 PEACHTREE ST,LOUISVILLE,30434,13163,Short-term general,65,R,True,False
111311,JENKINS COUNTY MEDICAL CENTER,931 EAST WINTHROPE AVENUE,MILLEN,30442,13165,Critical Access Hospital,25,R,False,False
111326,SGMC HEALTH LANIER,116 WEST THIGPEN AVENUE,LAKELAND,31635,13173,Critical Access Hospital,25,U,False,False
110125,FAIRVIEW PARK HOSPITAL,200 INDUSTRIAL BOULEVARD,DUBLIN,31021,13175,Short-term general,190,R,True,True
111335,LIBERTY REGIONAL MEDICAL CENTER,462 E G MILES PARKWAY,HINESVILLE,31310,13179,Critical Access Hospital,25,U,True,True
110122,SGMC HEALTH,"2501 NORTH PATTERSON STREET, PO BOX 1727",VALDOSTA,31602,13185,Short-term general,335,U,True,True
110187,CHESTATEE REGIONAL HOSPITAL,227 MOUNTAIN DRIVE,DAHLONEGA,30533,13187,Short-term general,49,R,True,True
110237,NORTHEAST GEORGIA MEDICAL CENTER LUMPKIN,495 HIGHWAY 400 NORTH,DAHLONEGA,30533,13187,Short-term general,10,R,False,False
110111,PIEDMONT MCDUFFIE HOSPITAL,2460 WASHINGTON ROAD,THOMSON,30824,13189,Short-term general,47,U,True,False
110190,FLINT RIVER COMMUNITY HOSPITAL,"509 SUMTER STREET, BOX 770",MONTEZUMA,31063,13193,Short-term general,49,R,False,False
111316,WARM SPRINGS MEDICAL CENTER,5995 SPRING STREET,WARM SPRINGS,31830,13199,Critical Access Hospital,25,U,True,True
111305,MILLER COUNTY HOSPITAL,209 N CUTHBERT STREET,COLQUITT,39837,13201,Critical Access Hospital,25,R,True,False
111331,ARCHBOLD MITCHELL,90  E STEPHENS STREET,CAMILLA,31730,13205,Critical Access Hospital,25,R,False,False
111318,MONROE COUNTY HOSPITAL,88 MARTIN LUTHER KING JR DRIVE,FORSYTH,31029,13207,Critical Access Hospital,25,U,True,False
111304,MORGAN MEDICAL CENTER,1740 LIONS CLUB ROAD,MADISON,30650,13211,Critical Access Hospital,25,U,True,False
110050,ADVENTHEALTH MURRAY,"707 OLD DALTON ELLIJAY ROAD, PO BOX 1406",CHATSWORTH,30705,13213,Short-term general,42,U,True,False
110064,PIEDMONT COLUMBUS REGIONAL MIDTOWN,710 CENTER STREET,COLUMBUS,31901,13215,Short-term general,417,U,True,True
110200,PIEDMONT COLUMBUS REGIONAL NORTHSIDE,100 FRIST COURT,COLUMBUS,31909,13215,Short-term general,100,U,True,False
110129,ST FRANCIS HOSPITAL- EMORY HEALTHCARE,2122 MANCHESTER EXPRESSWAY,COLUMBUS,31995,13215,Short-term general,376,U,True,False
110018,PIEDMONT NEWTON HOSPITAL,5126 HOSPITAL DRIVE NE,COVINGTON,30014,13217,Short-term general,90,U,True,True
110042,WELLSTAR PAULDING MEDICAL CENTER,2518 JIMMY LEE SMITH PARKWAY,HIRAM,30141,13223,Short-term general,83,U,True,False
111310,ATRIUM HEALTH NAVICENT PEACH,1960 HIGHWAY 247 CONNECTOR,BYRON,31008,13225,Critical Access Hospital,25,U,True,False
110225,PIEDMONT MOUNTAINSIDE HOSPITAL INC,1266 HIGHWAY 515 SOUTH,JASPER,30143,13227,Short-term general,35,U,True,True
111330,ATRIUM HEALTH FLOYD POLK MEDICAL CENTER,2360 ROCKMART HIGHWAY,CEDARTOWN,30125,13233,Critical Access Hospital,25,R,False,False
110256,TAYLOR REGIONAL HOSPITAL,222 PERRY HWY,HAWKINSVILLE,31036,13235,Short-term general,1,R,False,True
111313,PUTNAM GENERAL HOSPITAL,101 LAKE OCONEE PARKWAY,EATONTON,31024,13237,Critical Access Hospital,25,R,True,False
111336,MOUNTAIN LAKES MEDICAL CENTER,162 LEGACY POINT,CLAYTON,30525,13241,Critical Access Hospital,25,R,True,False
110177,DOCTORS HOSPITAL,3651 WHEELER ROAD,AUGUSTA,30909,13245,Short-term general,354,U,True,True
110028,PIEDMONT AUGUSTA HOSPITAL,1350 WALTON WAY,AUGUSTA,30901,13245,Short-term general,551,U,True,True
110034,"WELLSTAR MCG HEALTH, AFFILIATED WITH MED COL",1120 15TH STREET,AUGUSTA,30912,13245,Short-term general,632,U,True,True
110091,PIEDMONT ROCKDALE HOSPITAL,"1412 MILSTEAD AVENUE, NE",CONYERS,30012,13247,Short-term general,161,U,True,True
111312,OPTIM MEDICAL CENTER - SCREVEN,215 MIMS ROAD,SYLVANIA,30467,13251,Critical Access Hospital,25,R,False,False
110194,DONALSONVILLE HOSPITAL INC,102 HOSPITAL CIR,DONALSONVILLE,39845,13253,Short-term general,65,R,True,True
110031,WELLSTAR SPALDING MEDICAL CENTER,601 SOUTH 8TH STREET,GRIFFIN,30224,13255,Short-term general,160,U,True,True
110032,STEPHENS COUNTY HOSPITAL,163 HOSPITAL DRIVE,TOCCOA,30577,13257,Short-term general,99,R,True,True
110044,PHOEBE SUMTER MEDICAL CENTER,126 HIGHWAY 280 W,AMERICUS,31719,13261,Short-term general,143,R,True,True
111323,OPTIM MEDICAL CENTER - TATTNALL,247 S MAIN STREET,REIDSVILLE,30453,13267,Critical Access Hospital,25,R,True,False
110038,ARCHBOLD MEMORIAL,915 GORDON AVENUE & MIMOSA DRIVE,THOMASVILLE,31792,13275,Short-term general,264,R,True,True
110095,TIFT REGIONAL MEDICAL CENTER,901 E 18TH STREET,TIFTON,31793,13277,Short-term general,176,R,True,False
110128,MEMORIAL HEALTH MEADOWS HOSPITAL,ONE MEADOWS PARKWAY,VIDALIA,30474,13279,Short-term general,87,R,True,True
111324,CHATUGE REGIONAL HOSPITAL,110 S MAIN STREET,HIAWASSEE,30546,13281,Critical Access Hospital,25,R,False,False
110016,WELLSTAR WEST GEORGIA MEDICAL CENTER,1514 VERNON ROAD,LAGRANGE,30240,13285,Short-term general,276,R,True,True
110051,UNION GENERAL HOSPITAL,35 HOSPITAL ROAD,BLAIRSVILLE,30512,13291,Short-term general,45,R,True,True
110002,UPSON REGIONAL MEDICAL CENTER,801 W GORDON STREET,THOMASTON,30286,13293,Short-term general,119,R,True,True
110046,"PIEDMONT WALTON HOSPITAL, INC",2151 W SPRING STREET,MONROE,30655,13297,Short-term general,77,U,True,True
110003,MEMORIAL SATILLA HEALTH,1900 TEBEAU STREET,WAYCROSS,31501,13299,Short-term general,237,R,True,True
110086,WASHINGTON COUNTY REGIONAL MEDICAL CENTER,610 SPARTA ROAD,SANDERSVILLE,31082,13303,Short-term general,56,R,True,True
110124,WAYNE MEMORIAL HOSPITAL,865 SOUTH FIRST STREET,JESUP,31545,13305,Short-term general,88,R,True,True
110001,HAMILTON MEDICAL CENTER,1200 MEMORIAL DRIVE,DALTON,30720,13313,Short-term general,282,U,True,True
111325,WILLS MEMORIAL HOSPITAL,120 GORDON STREET,WASHINGTON,30673,13317,Critical Access Hospital,25,R,False,False
111328,PHOEBE WORTH MEDICAL CENTER,807 SOUTH ISABELLA STREET,SYLVESTER,31791,13321,Critical Access Hospital,25,U,True,True
